{"cameraMode":{"drawMode":0,"name":"Shaded","section":"Shading Mode"},"sceneLighting":false,"audioPlay":false,"sceneViewState":{"showFog":true,"showMaterialUpdate":false,"showSkybox":false,"showFlares":true,"showImageEffects":true,"showParticleSystems":true},"in2DMode":false,"pivot":{"x":17.530000686645509,"y":3.2200000286102297,"z":-0.15999998152256013},"rotation":{"x":0.07343319803476334,"y":-0.0044876872561872009,"z":0.00033031366183422506,"w":0.997290313243866},"size":7.001603126525879,"orthographic":true}