{"cameraMode":{"drawMode":0,"name":"Shaded","section":"Shading Mode"},"sceneLighting":true,"audioPlay":false,"sceneViewState":{"showFog":true,"showMaterialUpdate":false,"showSkybox":true,"showFlares":true,"showImageEffects":true,"showParticleSystems":true},"in2DMode":false,"pivot":{"x":-3.4358954429626467,"y":3.580277919769287,"z":-0.2516689598560333},"rotation":{"x":-0.12113361060619354,"y":-0.03334746137261391,"z":-0.004067674744874239,"w":0.9920758008956909},"size":2.4697067737579347,"orthographic":true}